{
    "noisy": {
        "mean": 0.4893161331114808,
        "std": 0.08554351655102639,
        "median": 0.4971,
        "kurtosis": 8.241330813600687
    },
    "ideal": {
        "mean": 0.49728120475344895,
        "std": 0.11759348642659724,
        "median": 0.4995,
        "kurtosis": 3.0119462086417608
    }
}