{
  "VANILLA": {
    "size": 200,
    "0.0": {
      "precision": 0.7619047619047619,
      "recall": 0.6153846153846154,
      "f1-score": 0.6808510638297872,
      "support": 26.0
    },
    "1.0": {
      "precision": 0.47368421052631576,
      "recall": 0.6428571428571429,
      "f1-score": 0.5454545454545454,
      "support": 14.0
    },
    "accuracy": 0.625,
    "macro avg": {
      "precision": 0.6177944862155388,
      "recall": 0.6291208791208791,
      "f1-score": 0.6131528046421664,
      "support": 40.0
    },
    "weighted avg": {
      "precision": 0.6610275689223057,
      "recall": 0.625,
      "f1-score": 0.6334622823984526,
      "support": 40.0
    }
  },
  "VANILLA_LG": {
    "size": 1200,
    "0.0": {
      "precision": 0.4818181818181818,
      "recall": 0.42063492063492064,
      "f1-score": 0.4491525423728814,
      "support": 126.0
    },
    "1.0": {
      "precision": 0.43846153846153846,
      "recall": 0.5,
      "f1-score": 0.4672131147540984,
      "support": 114.0
    },
    "accuracy": 0.4583333333333333,
    "macro avg": {
      "precision": 0.46013986013986014,
      "recall": 0.46031746031746035,
      "f1-score": 0.4581828285634899,
      "support": 240.0
    },
    "weighted avg": {
      "precision": 0.46122377622377625,
      "recall": 0.4583333333333333,
      "f1-score": 0.45773131425395946,
      "support": 240.0
    }
  },
  "ZZ_2x3": {
    "size": 200,
    "0.0": {
      "precision": 1.0,
      "recall": 0.15384615384615385,
      "f1-score": 0.2666666666666667,
      "support": 26.0
    },
    "1.0": {
      "precision": 0.3888888888888889,
      "recall": 1.0,
      "f1-score": 0.56,
      "support": 14.0
    },
    "accuracy": 0.45,
    "macro avg": {
      "precision": 0.6944444444444444,
      "recall": 0.5769230769230769,
      "f1-score": 0.4133333333333334,
      "support": 40.0
    },
    "weighted avg": {
      "precision": 0.7861111111111111,
      "recall": 0.45,
      "f1-score": 0.3693333333333334,
      "support": 40.0
    }
  },
  "ZZ_3x2": {
    "size": 200,
    "0.0": {
      "precision": 0.7,
      "recall": 0.2692307692307692,
      "f1-score": 0.3888888888888889,
      "support": 26.0
    },
    "1.0": {
      "precision": 0.36666666666666664,
      "recall": 0.7857142857142857,
      "f1-score": 0.5,
      "support": 14.0
    },
    "accuracy": 0.45,
    "macro avg": {
      "precision": 0.5333333333333333,
      "recall": 0.5274725274725275,
      "f1-score": 0.4444444444444444,
      "support": 40.0
    },
    "weighted avg": {
      "precision": 0.5833333333333333,
      "recall": 0.45,
      "f1-score": 0.42777777777777776,
      "support": 40.0
    }
  }
}