{
  "0.0": {
    "precision": 0.4818181818181818,
    "recall": 0.42063492063492064,
    "f1-score": 0.4491525423728814,
    "support": 126.0
  },
  "1.0": {
    "precision": 0.43846153846153846,
    "recall": 0.5,
    "f1-score": 0.4672131147540984,
    "support": 114.0
  },
  "accuracy": 0.4583333333333333,
  "macro avg": {
    "precision": 0.46013986013986014,
    "recall": 0.46031746031746035,
    "f1-score": 0.4581828285634899,
    "support": 240.0
  },
  "weighted avg": {
    "precision": 0.46122377622377625,
    "recall": 0.4583333333333333,
    "f1-score": 0.45773131425395946,
    "support": 240.0
  }
}